scenario,controller,seed,cum_idle,cum_co2,bus_pct,switches,n_ticks
1,Active Inference,1,9317.0,26102062.417,80.756,238,363
1,Active Inference,2,9576.0,26383260.08,77.7397,232,364
1,Active Inference,3,8965.0,26193425.216,79.5222,234,364
1,Active Inference,4,8726.0,26375820.892,83.5664,241,364
1,Active Inference,5,7804.0,26224416.545,81.8182,236,364
1,Active Inference,6,11541.0,26946549.961,78.3051,229,363
1,Active Inference,7,10894.0,26873982.027,80.9028,226,363
1,Active Inference,8,9996.0,26614800.656,80.0664,228,365
1,Active Inference,9,10165.0,26238119.042,80.8725,229,365
1,Active Inference,10,10996.0,26911400.763,82.3529,227,363
1,Active Inference,11,9423.0,26496681.99,81.9728,228,363
1,Active Inference,12,11601.0,26626921.724,80.678,225,365
1,Active Inference,13,11895.0,27227991.593,78.8591,226,364
1,Active Inference,14,10984.0,26927433.086,82.1918,220,364
1,Active Inference,15,9971.0,26636281.308,81.5972,227,363
1,Active Inference,16,8065.0,26285809.366,79.0378,238,363
1,Active Inference,17,11505.0,26883246.556,80.137,234,364
1,Active Inference,18,9298.0,26531594.201,80.0,232,363
1,Active Inference,19,10583.0,26862683.999,82.4138,235,364
1,Active Inference,20,8656.0,26560637.601,78.4053,241,363
1,Active Inference,21,8550.0,26007906.454,80.3448,240,363
1,Active Inference,22,8890.0,26501454.074,80.0,238,364
1,Active Inference,23,10536.0,27018508.575,80.0,222,363
1,Active Inference,24,8480.0,26706340.365,81.6327,236,363
1,Active Inference,25,10919.0,27144416.92,81.0811,219,363
1,Active Inference,26,9896.0,27009762.141,80.8725,238,365
1,Active Inference,27,10196.0,26721598.457,75.6667,228,364
1,Active Inference,28,9751.0,26535712.555,84.6154,228,364
1,Active Inference,29,9598.0,26618019.545,80.0676,235,364
1,Active Inference,30,12277.0,27305817.318,80.1347,224,363
1,Active Inference,31,9137.0,26827755.237,81.25,222,363
1,Active Inference,32,11258.0,26824858.246,82.069,238,363
1,Active Inference,33,12009.0,26922064.364,80.9524,216,366
1,Active Inference,34,11432.0,27107368.959,81.1644,223,363
1,Active Inference,35,12081.0,26941479.71,81.6327,223,364
1,Active Inference,36,9706.0,26662510.464,83.3333,234,364
1,Active Inference,37,10739.0,26831555.861,80.2721,215,363
1,Active Inference,38,10214.0,26470315.5,80.137,236,364
1,Active Inference,39,10442.0,26444173.462,78.0069,221,365
1,Active Inference,40,9549.0,26420931.244,82.5784,236,363
1,Active Inference,41,9902.0,26511915.252,80.4795,237,364
1,Active Inference,42,10305.0,26878758.047,79.7297,237,364
1,Active Inference,43,9421.0,26617245.39,83.8488,238,364
1,Active Inference,44,9331.0,26306866.666,81.8493,236,364
1,Active Inference,45,8845.0,26376238.361,80.8362,228,364
1,Active Inference,46,8388.0,26548026.991,80.4054,244,364
1,Active Inference,47,10032.0,26548787.838,78.1457,229,364
1,Active Inference,48,12161.0,27146929.381,83.6237,219,363
1,Active Inference,49,11707.0,27366478.092,81.1644,229,364
1,Active Inference,50,8668.0,26513968.992,81.6327,237,364
1,Active Inference,51,8628.0,26671117.014,80.4054,248,364
1,Active Inference,52,10862.0,26860702.635,81.6327,211,364
1,Active Inference,53,9971.0,26889130.306,76.9231,233,364
1,Active Inference,54,11316.0,27147662.943,80.9689,236,363
1,Active Inference,55,10699.0,26854613.928,80.339,233,363
1,Active Inference,56,10873.0,26918213.123,80.9689,227,363
1,Active Inference,57,9740.0,26642188.07,82.8179,230,364
1,Active Inference,58,8995.0,26309673.154,82.6389,241,363
1,Active Inference,59,10568.0,26588809.885,79.0941,234,364
1,Active Inference,60,9246.0,26327776.123,82.9268,233,365
1,Active Inference,61,8689.0,26500228.118,80.0,229,363
1,Active Inference,62,11156.0,26791153.102,81.8792,212,363
1,Active Inference,63,7986.0,26039710.191,81.8493,241,363
1,Active Inference,64,9968.0,26307707.01,80.4795,237,364
1,Active Inference,65,12018.0,27173735.336,81.8493,232,363
1,Active Inference,66,9854.0,26626155.352,83.391,225,364
1,Active Inference,67,10679.0,26997308.296,78.1145,230,364
1,Active Inference,68,8800.0,26227529.328,76.7677,239,364
1,Active Inference,69,9733.0,26567245.813,81.5068,231,364
1,Active Inference,70,9137.0,26401053.06,80.756,228,364
1,Active Inference,71,9728.0,26254986.021,82.2148,236,364
1,Active Inference,72,8536.0,26447672.436,79.3814,236,363
1,Active Inference,73,9502.0,26475826.218,80.5461,232,366
1,Active Inference,74,11007.0,26510483.087,78.5714,226,364
1,Active Inference,75,13043.0,27165444.997,79.2079,223,363
1,Active Inference,76,9210.0,26674242.666,80.137,228,363
1,Active Inference,77,9792.0,26584475.974,78.9116,228,363
1,Active Inference,78,8720.0,26555175.953,79.9308,242,364
1,Active Inference,79,10627.0,26915839.215,81.0345,215,364
1,Active Inference,80,11659.0,26670850.185,79.8013,231,363
1,Active Inference,81,12767.0,26828208.869,78.7162,212,364
1,Active Inference,82,7756.0,26298013.665,79.4521,248,363
1,Active Inference,83,8693.0,26354855.087,80.8219,232,364
1,Active Inference,84,10829.0,26751887.056,83.045,221,363
1,Active Inference,85,8987.0,26316398.822,81.25,234,363
1,Active Inference,86,11970.0,27517838.842,81.6393,230,364
1,Active Inference,87,10113.0,26434628.299,82.8767,241,363
1,Active Inference,88,10165.0,26609905.046,77.0,225,365
1,Active Inference,89,11349.0,26593976.836,78.3972,219,363
1,Active Inference,90,9487.0,26499023.685,84.6154,248,363
1,Active Inference,91,10901.0,26610154.577,80.3333,224,366
1,Active Inference,92,9787.0,26252064.907,84.2105,241,363
1,Active Inference,93,11009.0,26963600.073,79.3333,239,363
1,Active Inference,94,11544.0,26963452.479,81.2287,230,364
1,Active Inference,95,11343.0,26752035.164,79.322,223,364
1,Active Inference,96,8940.0,26362493.64,79.7297,232,363
1,Active Inference,97,9304.0,26711617.624,79.5139,231,363
1,Active Inference,98,7622.0,26258549.798,81.8493,257,364
1,Active Inference,99,10333.0,26888354.995,77.9661,228,363
1,Active Inference,100,10104.0,26707242.811,80.2013,228,363
2,Active Inference,1,11808.0,26571891.886,81.9728,230,364
2,Active Inference,2,11350.0,26687638.675,81.9113,220,364
2,Active Inference,3,8125.0,26124083.108,82.7586,253,364
2,Active Inference,4,10105.0,26428045.015,81.4947,232,363
2,Active Inference,5,9046.0,26547401.422,80.8219,238,366
2,Active Inference,6,10571.0,26736970.879,81.0345,221,363
2,Active Inference,7,8717.0,26354505.97,80.5461,248,363
2,Active Inference,8,11196.0,26631334.814,81.1644,224,363
2,Active Inference,9,8838.0,26245050.578,79.5918,220,364
2,Active Inference,10,9932.0,26253802.111,78.0731,235,363
2,Active Inference,11,9996.0,26791800.909,80.1347,235,364
2,Active Inference,12,11244.0,26884075.027,80.8219,225,365
2,Active Inference,13,9790.0,26545019.834,76.2542,226,364
2,Active Inference,14,10813.0,27041032.718,79.6053,235,365
2,Active Inference,15,11096.0,26990966.705,79.2388,232,363
2,Active Inference,16,10144.0,27026392.572,80.0,229,363
2,Active Inference,17,9233.0,26256313.998,80.9689,230,365
2,Active Inference,18,11017.0,26642248.484,78.0069,235,364
2,Active Inference,19,10408.0,26713108.725,85.3242,235,363
2,Active Inference,20,9728.0,26789735.523,82.7703,230,363
2,Active Inference,21,9246.0,27032242.702,81.3559,244,364
2,Active Inference,22,10684.0,27013395.68,81.7869,230,364
2,Active Inference,23,8791.0,26635564.174,80.2048,229,364
2,Active Inference,24,7983.0,26017975.258,80.339,235,364
2,Active Inference,25,11679.0,27159425.858,80.1394,217,363
2,Active Inference,26,12413.0,27180863.719,77.4411,204,363
2,Active Inference,27,9084.0,26469745.26,78.1879,244,364
2,Active Inference,28,11209.0,26682353.269,79.661,224,364
2,Active Inference,29,9428.0,26866887.927,79.8611,241,363
2,Active Inference,30,11710.0,26882219.438,83.0508,221,363
2,Active Inference,31,9972.0,26595464.727,84.8276,239,365
2,Active Inference,32,10501.0,26151633.887,79.8658,232,363
2,Active Inference,33,9563.0,26543292.124,85.4167,232,363
2,Active Inference,34,9997.0,26883453.886,82.3729,244,363
2,Active Inference,35,10800.0,26643832.384,82.2742,227,363
2,Active Inference,36,7670.0,26261002.388,84.8276,253,363
2,Active Inference,37,9521.0,26378394.095,79.5918,240,363
2,Active Inference,38,9721.0,26164166.156,79.798,227,363
2,Active Inference,39,10114.0,26401304.722,81.2925,225,364
2,Active Inference,40,10964.0,26606528.596,82.5784,225,363
2,Active Inference,41,10900.0,26605104.496,85.0174,232,363
2,Active Inference,42,9354.0,26209263.468,80.0687,228,364
2,Active Inference,43,12685.0,26768416.939,80.7018,220,364
2,Active Inference,44,11045.0,26984975.166,82.5939,236,365
2,Active Inference,45,10178.0,26746656.552,82.699,221,363
2,Active Inference,46,9537.0,26466323.67,78.6942,231,364
2,Active Inference,47,9086.0,26467548.36,78.3784,237,363
2,Active Inference,48,11155.0,26790267.589,81.1448,229,364
2,Active Inference,49,8912.0,26095373.982,83.4483,236,363
2,Active Inference,50,8966.0,26326457.946,80.5556,237,363
2,Active Inference,51,11405.0,26774392.921,78.3051,237,364
2,Active Inference,52,9847.0,26767853.451,84.1379,240,363
2,Active Inference,53,10127.0,26471001.743,79.7203,243,363
2,Active Inference,54,9386.0,26285847.993,82.8767,237,364
2,Active Inference,55,10744.0,26689762.854,83.2192,225,364
2,Active Inference,56,10860.0,26784914.153,80.137,233,364
2,Active Inference,57,10255.0,26758924.695,77.8878,223,364
2,Active Inference,58,8167.0,26028053.384,77.7778,245,363
2,Active Inference,59,10857.0,26939281.042,78.3784,213,363
2,Active Inference,60,9194.0,26844009.868,82.5784,234,364
2,Active Inference,61,9803.0,27007552.367,85.1724,221,364
2,Active Inference,62,9528.0,26578947.036,80.8081,237,364
2,Active Inference,63,10650.0,26510041.479,81.7869,235,364
2,Active Inference,64,8329.0,26076485.634,80.2768,240,363
2,Active Inference,65,10720.0,26673026.274,78.4247,229,363
2,Active Inference,66,9952.0,27175415.583,83.391,230,363
2,Active Inference,67,8002.0,26092923.343,79.4521,260,364
2,Active Inference,68,9869.0,26622717.741,78.0405,241,364
2,Active Inference,69,11807.0,27417564.427,77.8912,232,363
2,Active Inference,70,9938.0,26360560.371,80.339,239,364
2,Active Inference,71,10326.0,26862471.251,79.1809,241,363
2,Active Inference,72,10836.0,27308211.91,83.5616,239,363
2,Active Inference,73,10646.0,26779899.163,81.1448,226,365
2,Active Inference,74,11679.0,26908240.821,81.9728,225,364
2,Active Inference,75,10304.0,26593136.692,78.1145,235,363
2,Active Inference,76,10393.0,26597605.541,79.5987,217,363
2,Active Inference,77,9941.0,26706073.522,83.5088,233,365
2,Active Inference,78,9624.0,26994227.078,78.5965,228,365
2,Active Inference,79,9793.0,27303082.669,81.8182,238,363
2,Active Inference,80,9843.0,26470911.386,80.6122,232,363
2,Active Inference,81,10253.0,26979183.982,82.6389,235,363
2,Active Inference,82,10079.0,26472495.629,85.0694,228,363
2,Active Inference,83,9490.0,26290531.781,81.9728,234,363
2,Active Inference,84,10224.0,26509664.112,82.3729,233,363
2,Active Inference,85,10033.0,26804899.041,82.5784,238,364
2,Active Inference,86,9368.0,26555876.327,82.0339,242,364
2,Active Inference,87,10446.0,26694159.591,82.0069,221,363
2,Active Inference,88,10328.0,26115335.239,79.4613,222,364
2,Active Inference,89,9501.0,26270596.551,79.6667,236,364
2,Active Inference,90,10927.0,26908849.873,81.57,226,363
2,Active Inference,91,8953.0,26488850.05,80.0676,239,363
2,Active Inference,92,10371.0,26898368.601,79.8658,233,364
2,Active Inference,93,9704.0,26693595.882,81.4433,230,363
2,Active Inference,94,9217.0,26254727.133,81.338,245,363
2,Active Inference,95,12684.0,26932664.798,76.5472,214,366
2,Active Inference,96,11423.0,26817274.416,80.678,234,364
2,Active Inference,97,19080.0,27341708.342,79.8635,233,363
2,Active Inference,98,8993.0,25981544.729,83.7456,229,364
2,Active Inference,99,11406.0,26892871.759,80.6122,231,364
2,Active Inference,100,8908.0,26709535.032,80.0676,232,363
3,Active Inference,1,9894.0,26541021.663,82.4138,230,363
3,Active Inference,2,9744.0,26760714.366,81.5972,238,363
3,Active Inference,3,10032.0,26295520.933,81.25,238,363
3,Active Inference,4,9794.0,26384791.503,80.9859,233,363
3,Active Inference,5,12427.0,27285969.594,81.1388,221,364
3,Active Inference,6,10100.0,26655209.841,83.6806,230,364
3,Active Inference,7,10215.0,26791114.501,80.339,239,363
3,Active Inference,8,10621.0,26562769.859,80.8219,222,363
3,Active Inference,9,9498.0,26587576.806,79.932,231,363
3,Active Inference,10,11726.0,27097091.603,80.0,226,363
3,Active Inference,11,10432.0,26993478.863,80.0,230,363
3,Active Inference,12,11573.0,27041419.916,80.4714,231,365
3,Active Inference,13,10560.0,26716471.727,78.1879,232,364
3,Active Inference,14,9968.0,26876622.09,79.0164,235,363
3,Active Inference,15,11598.0,27005143.778,82.699,225,363
3,Active Inference,16,11416.0,27221988.299,80.2676,222,364
3,Active Inference,17,9814.0,26468884.53,81.0345,238,364
3,Active Inference,18,11427.0,27034457.043,81.8493,227,363
3,Active Inference,19,8785.0,26696013.012,83.6735,244,363
3,Active Inference,20,9779.0,26711880.596,80.5369,232,365
3,Active Inference,21,9427.0,26645010.993,80.8874,237,364
3,Active Inference,22,11945.0,26768655.619,81.2709,223,364
3,Active Inference,23,8836.0,26300861.49,80.339,225,365
3,Active Inference,24,7878.0,26237092.387,79.8635,244,364
3,Active Inference,25,11438.0,26724444.028,81.6327,228,363
3,Active Inference,26,13220.0,27177136.995,79.798,210,363
3,Active Inference,27,9735.0,26556719.551,80.339,237,363
3,Active Inference,28,9877.0,26339888.826,81.0169,235,364
3,Active Inference,29,10958.0,27355365.163,79.5848,231,365
3,Active Inference,30,13538.0,27081578.082,79.3919,215,364
3,Active Inference,31,10407.0,26763440.129,80.0676,234,364
3,Active Inference,32,10014.0,26554400.83,80.5369,239,364
3,Active Inference,33,10214.0,26612042.299,82.4324,227,363
3,Active Inference,34,9350.0,26435155.481,81.57,236,363
3,Active Inference,35,11776.0,26990300.496,79.9331,230,363
3,Active Inference,36,9854.0,26638182.125,85.4671,239,363
3,Active Inference,37,9001.0,26575666.761,80.339,231,365
3,Active Inference,38,9035.0,26167751.156,80.1347,241,364
3,Active Inference,39,9901.0,26324133.058,82.7703,228,364
3,Active Inference,40,14072.0,27450545.496,83.3333,219,363
3,Active Inference,41,11340.0,27062663.876,82.1918,239,364
3,Active Inference,42,8888.0,26410490.514,81.8493,224,364
3,Active Inference,43,9128.0,26077119.115,80.9689,241,363
3,Active Inference,44,10568.0,26907143.482,82.23,233,364
3,Active Inference,45,13166.0,27435117.47,80.9524,207,367
3,Active Inference,46,10529.0,26829658.174,77.0764,232,365
3,Active Inference,47,10554.0,27013920.306,80.6897,237,363
3,Active Inference,48,9336.0,26733632.107,81.1644,231,363
3,Active Inference,49,10625.0,26608165.963,83.2765,226,363
3,Active Inference,50,10707.0,26334717.68,80.137,234,363
3,Active Inference,51,9606.0,26471809.996,78.2313,237,364
3,Active Inference,52,10371.0,26533153.612,84.1379,229,363
3,Active Inference,53,10223.0,26858880.123,80.2083,254,363
3,Active Inference,54,9016.0,26401108.827,80.6228,240,364
3,Active Inference,55,10783.0,26586215.162,82.3729,217,363
3,Active Inference,56,9753.0,26731994.564,80.8219,231,363
3,Active Inference,57,10104.0,26121439.726,78.6184,227,364
3,Active Inference,58,9954.0,26221681.358,78.1879,239,363
3,Active Inference,59,8999.0,26403320.827,82.0946,239,364
3,Active Inference,60,11491.0,27265690.228,83.6806,235,364
3,Active Inference,61,7732.0,26302169.424,84.589,237,363
3,Active Inference,62,10322.0,26749299.176,78.4512,227,364
3,Active Inference,63,13697.0,27185322.645,83.2168,222,363
3,Active Inference,64,7879.0,26473353.253,81.7869,246,365
3,Active Inference,65,8987.0,26400776.476,79.5139,236,363
3,Active Inference,66,10094.0,26511521.477,82.807,232,363
3,Active Inference,67,9638.0,26517078.501,76.7918,246,364
3,Active Inference,68,9136.0,26650509.844,80.0,243,363
3,Active Inference,69,9002.0,27255985.245,76.9231,241,363
3,Active Inference,70,9374.0,26728335.721,77.1523,246,363
3,Active Inference,71,8708.0,26640772.167,79.8611,237,364
3,Active Inference,72,9487.0,26684080.299,82.0339,245,364
3,Active Inference,73,10497.0,26231564.573,81.7241,230,363
3,Active Inference,74,11567.0,26824360.572,78.9831,219,363
3,Active Inference,75,9131.0,26683956.307,78.0405,235,365
3,Active Inference,76,10489.0,26469130.321,79.402,223,363
3,Active Inference,77,13652.0,27624391.569,83.9161,224,364
3,Active Inference,78,9471.0,26851633.722,78.3217,230,363
3,Active Inference,79,9767.0,26643433.571,80.137,233,363
3,Active Inference,80,10585.0,26744466.991,82.8179,232,363
3,Active Inference,81,12144.0,27117030.254,83.2168,223,364
3,Active Inference,82,11431.0,26637134.673,81.7869,224,363
3,Active Inference,83,10646.0,26786131.43,80.3333,237,364
3,Active Inference,84,9330.0,26386542.02,80.4714,238,363
3,Active Inference,85,9245.0,26624641.766,78.7671,248,364
3,Active Inference,86,9842.0,26508260.15,79.4521,230,363
3,Active Inference,87,9680.0,26412593.994,83.1034,231,363
3,Active Inference,88,10311.0,26732649.298,78.0405,229,364
3,Active Inference,89,12991.0,26956858.555,78.3333,227,365
3,Active Inference,90,8886.0,26778357.407,77.7027,243,363
3,Active Inference,91,8958.0,26324480.1,79.0541,238,364
3,Active Inference,92,10378.0,26823684.699,79.7297,227,364
3,Active Inference,93,10639.0,26590455.806,80.0,221,363
3,Active Inference,94,8653.0,26142613.088,81.8815,243,363
3,Active Inference,95,10341.0,26565744.893,77.0764,230,365
3,Active Inference,96,7945.0,25998341.168,80.8081,241,364
3,Active Inference,97,9360.0,26466110.219,78.5467,230,363
3,Active Inference,98,11545.0,26367026.291,81.0169,220,364
3,Active Inference,99,10842.0,26643095.337,81.5068,227,363
3,Active Inference,100,10475.0,27005546.108,82.5342,223,364
4,Active Inference,1,28632.0,28103902.943,82.1549,237,363
4,Active Inference,2,31588.0,27893012.351,81.6327,234,365
4,Active Inference,3,78627.0,30269220.528,82.1306,241,364
4,Active Inference,4,33526.0,28171074.91,81.7544,227,364
4,Active Inference,5,84971.0,30510912.748,81.3149,213,364
4,Active Inference,6,64260.0,30406993.363,85.4671,238,365
4,Active Inference,7,29275.0,28170159.143,82.3333,233,365
4,Active Inference,8,75792.0,30090291.689,81.1448,215,363
4,Active Inference,9,72714.0,30443248.13,81.1448,227,364
4,Active Inference,10,77755.0,29650509.722,80.3333,224,363
4,Active Inference,11,80101.0,30478889.069,80.0,248,364
4,Active Inference,12,75404.0,29970328.809,80.7432,229,364
4,Active Inference,13,75798.0,30044955.74,79.322,229,363
4,Active Inference,14,72512.0,30309875.356,81.759,237,363
4,Active Inference,15,93050.0,31146848.527,85.1724,213,363
4,Active Inference,16,36113.0,28665204.816,78.9298,228,363
4,Active Inference,17,72587.0,29484847.631,81.0345,243,363
4,Active Inference,18,25567.0,28262609.077,80.2013,236,364
4,Active Inference,19,32032.0,28163296.93,84.2282,241,363
4,Active Inference,20,88199.0,30041362.149,80.8081,232,364
4,Active Inference,21,69647.0,30139995.006,80.0676,239,364
4,Active Inference,22,72126.0,30140763.508,78.6667,230,364
4,Active Inference,23,71594.0,30672133.284,82.8767,224,364
4,Active Inference,24,77606.0,30772644.187,82.1918,230,365
4,Active Inference,25,75232.0,29902597.59,81.0345,232,364
4,Active Inference,26,32575.0,28863002.304,81.7276,214,363
4,Active Inference,27,69531.0,30137367.911,82.3129,224,363
4,Active Inference,28,71561.0,29719661.679,83.6735,227,364
4,Active Inference,29,73988.0,30346856.404,79.1096,237,366
4,Active Inference,30,82885.0,30660028.413,82.4324,217,364
4,Active Inference,31,79016.0,30345298.008,83.4483,236,363
4,Active Inference,32,95855.0,30110102.783,81.2925,227,364
4,Active Inference,33,26781.0,27912594.868,80.9524,237,363
4,Active Inference,34,74500.0,29872354.288,82.8859,238,364
4,Active Inference,35,39120.0,28374204.892,81.6667,229,363
4,Active Inference,36,70751.0,29956541.002,85.034,249,364
4,Active Inference,37,70013.0,30078414.896,79.5302,236,364
4,Active Inference,38,73197.0,29123877.988,82.2526,248,363
4,Active Inference,39,31412.0,28252123.035,80.7432,218,364
4,Active Inference,40,29373.0,27774575.118,85.034,234,363
4,Active Inference,41,88086.0,30142650.17,83.8488,236,363
4,Active Inference,42,29347.0,27990312.547,80.2721,232,365
4,Active Inference,43,34970.0,27711685.535,80.756,244,363
4,Active Inference,44,68974.0,29213798.571,81.0997,246,363
4,Active Inference,45,75644.0,30903218.16,81.2925,215,365
4,Active Inference,46,72266.0,29978566.661,78.4512,228,364
4,Active Inference,47,26030.0,28553100.489,82.5342,231,365
4,Active Inference,48,78060.0,30210480.152,79.4521,230,363
4,Active Inference,49,32030.0,27897321.283,85.274,219,363
4,Active Inference,50,24091.0,28353029.143,81.8182,232,364
4,Active Inference,51,78707.0,30657208.521,82.8283,230,365
4,Active Inference,52,94360.0,30073486.417,84.1216,244,363
4,Active Inference,53,29639.0,28335314.385,81.25,257,364
4,Active Inference,54,76822.0,29197846.39,82.1053,239,364
4,Active Inference,55,73361.0,29311785.427,82.1306,216,363
4,Active Inference,56,39095.0,29481884.87,81.8792,231,365
4,Active Inference,57,77923.0,30221254.711,80.198,213,363
4,Active Inference,58,74231.0,29280753.458,78.9831,243,363
4,Active Inference,59,79086.0,29812391.125,82.9352,233,363
4,Active Inference,60,49280.0,29929029.874,81.8815,244,365
4,Active Inference,61,25447.0,28112003.667,84.4068,246,363
4,Active Inference,62,61303.0,29340977.774,81.4189,228,364
4,Active Inference,63,83777.0,30390596.213,82.7586,228,365
4,Active Inference,64,75841.0,29856252.647,83.6237,235,363
4,Active Inference,65,71405.0,29819321.295,81.0345,231,363
4,Active Inference,66,33105.0,29079148.146,81.5972,231,364
4,Active Inference,67,81953.0,29832839.61,79.5848,251,363
4,Active Inference,68,71183.0,30153481.106,78.9298,238,363
4,Active Inference,69,76085.0,30480651.055,76.4505,242,363
4,Active Inference,70,23045.0,28016930.074,79.7386,237,367
4,Active Inference,71,78712.0,30177579.817,78.8927,234,363
4,Active Inference,72,29861.0,27762005.323,84.6939,241,364
4,Active Inference,73,73627.0,29872050.931,79.1809,227,363
4,Active Inference,74,39355.0,27980612.966,80.5369,228,363
4,Active Inference,75,71111.0,29708826.148,81.3559,236,363
4,Active Inference,76,80422.0,30648286.834,83.9465,221,363
4,Active Inference,77,86479.0,31031415.539,84.083,227,363
4,Active Inference,78,22998.0,28359834.995,80.0,235,363
4,Active Inference,79,67764.0,29508233.747,80.137,240,363
4,Active Inference,80,79583.0,30208699.296,84.5361,227,363
4,Active Inference,81,46603.0,29126078.774,83.9721,226,363
4,Active Inference,82,36727.0,27802515.283,83.6735,225,364
4,Active Inference,83,72779.0,30563394.398,81.7568,229,363
4,Active Inference,84,75543.0,30083289.722,81.2081,229,363
4,Active Inference,85,70166.0,29475457.003,78.6207,239,364
4,Active Inference,86,77200.0,29353194.884,81.57,240,363
4,Active Inference,87,72732.0,29669033.735,82.9268,238,363
4,Active Inference,88,37128.0,29638733.608,78.2313,230,363
4,Active Inference,89,81026.0,30745467.776,78.7375,219,363
4,Active Inference,90,29757.0,28563476.741,80.1347,234,365
4,Active Inference,91,31152.0,28291559.51,83.5616,236,364
4,Active Inference,92,70807.0,30390256.745,81.4189,229,364
4,Active Inference,93,70750.0,29594501.542,84.375,240,364
4,Active Inference,94,69124.0,29972544.333,82.4742,227,364
4,Active Inference,95,76061.0,30315364.096,79.2642,236,364
4,Active Inference,96,75626.0,29961019.177,82.3729,234,363
4,Active Inference,97,69870.0,29395348.717,80.6897,237,363
4,Active Inference,98,25068.0,27762127.883,83.165,221,364
4,Active Inference,99,75111.0,29403577.889,80.3448,235,363
4,Active Inference,100,73920.0,29997437.931,82.0339,222,365
